"Date","Price","Open","High","Low","Vol.","Change %"
"04-02-2026","3.468","3.346","3.545","3.264","113.20K","4.74%"
"03-02-2026","3.311","3.263","3.397","3.169","238.55K","2.29%"
"02-02-2026","3.237","3.708","3.736","3.155","554.86K","-25.65%"
"30-01-2026","4.354","3.879","4.425","3.818","351.65K","11.13%"
"29-01-2026","3.918","3.742","3.930","3.728","234.64K","-47.48%"
"28-01-2026","7.460","6.500","7.827","5.900","6.26K","7.28%"
"27-01-2026","6.954","6.646","7.310","5.772","77.68K","2.26%"
"26-01-2026","6.800","5.791","7.439","5.728","99.50K","28.91%"
"23-01-2026","5.275","4.872","5.434","4.660","107.11K","4.56%"
"22-01-2026","5.045","5.039","5.650","4.769","310.95K","42.72%"
"21-01-2026","3.535","3.188","3.582","3.114","359.01K","9.31%"
"20-01-2026","3.234","2.912","3.242","2.854","430.39K","-9.82%"
"19-01-2026","3.586","3.567","3.717","3.381","126.56K","3.40%"
"18-01-2026","3.468","3.532","3.540","3.468","","11.76%"
"16-01-2026","3.103","3.146","3.230","3.020","139.67K","-0.80%"
"15-01-2026","3.128","3.102","3.218","3.006","180.72K","0.26%"
"14-01-2026","3.120","3.384","3.443","3.068","215.33K","-8.75%"
"13-01-2026","3.419","3.358","3.499","3.298","187.13K","0.29%"
"12-01-2026","3.409","3.290","3.431","3.182","248.89K","7.57%"
"09-01-2026","3.169","3.410","3.496","3.131","322.22K","-6.99%"
"08-01-2026","3.407","3.563","3.634","3.355","193.22K","-3.35%"
"07-01-2026","3.525","3.425","3.591","3.419","151.94K","5.22%"
"06-01-2026","3.350","3.492","3.502","3.324","145.17K","-4.91%"
"05-01-2026","3.523","3.507","3.530","3.355","228.74K","-2.63%"
"02-01-2026","3.618","3.679","3.703","3.563","133.02K","-1.84%"
"31-12-2025","3.686","3.976","3.983","3.679","132.23K","-7.20%"
"30-12-2025","3.972","3.947","4.176","3.916","136.98K","-15.25%"
"29-12-2025","4.687","4.450","4.721","4.351","7.08K","7.35%"
"26-12-2025","4.366","4.196","4.421","4.196","46.35K","2.92%"
"24-12-2025","4.242","4.415","4.593","4.180","57.07K","-3.77%"
"23-12-2025","4.408","3.990","4.449","3.943","126.79K","11.17%"
"22-12-2025","3.965","4.081","4.140","3.797","157.60K","-0.48%"
"19-12-2025","3.984","3.942","4.030","3.840","145.51K","1.94%"
"18-12-2025","3.908","4.117","4.218","3.877","158.06K","-2.88%"
"17-12-2025","4.024","3.936","4.114","3.920","153.56K","3.55%"
"16-12-2025","3.886","4.037","4.045","3.842","155.86K","-3.14%"
"15-12-2025","4.012","4.171","4.218","3.993","169.24K","-2.46%"
"12-12-2025","4.113","4.231","4.257","4.065","199.84K","-2.79%"
"11-12-2025","4.231","4.626","4.631","4.196","287.86K","-7.92%"
"10-12-2025","4.595","4.578","4.696","4.455","271.11K","0.46%"
"09-12-2025","4.574","4.868","4.878","4.551","249.50K","-6.88%"
"08-12-2025","4.912","5.100","5.205","4.850","301.95K","-7.13%"
"05-12-2025","5.289","5.077","5.496","5.027","376.68K","4.46%"
"04-12-2025","5.063","5.010","5.090","4.871","209.84K","1.36%"
"03-12-2025","4.995","4.827","5.039","4.819","186.37K","3.20%"
"02-12-2025","4.840","4.902","4.984","4.805","172.38K","-1.65%"
"01-12-2025","4.921","4.870","4.952","4.758","209.47K","1.46%"
"28-11-2025","4.850","4.618","4.871","4.527","127.69K","4.77%"
"27-11-2025","4.629","4.634","4.647","4.530","27.73K","1.56%"
"26-11-2025","4.558","4.483","4.644","4.442","155.16K","3.03%"
"25-11-2025","4.424","4.501","4.547","4.267","6.37K","-2.75%"
"24-11-2025","4.549","4.465","4.576","4.444","78.48K","-0.68%"
"21-11-2025","4.580","4.489","4.675","4.461","80.71K","-1.86%"
"20-11-2025","4.667","4.767","4.800","4.650","141.95K","-1.81%"
"19-11-2025","4.753","4.589","4.806","4.571","135.72K","3.48%"
"18-11-2025","4.593","4.574","4.619","4.461","130.91K","0.00%"
"17-11-2025","4.593","4.736","4.746","4.554","107.34K","0.59%"
"14-11-2025","4.566","4.597","4.635","4.376","227.91K","-1.72%"
"13-11-2025","4.646","4.535","4.688","4.454","201.02K","2.49%"
"12-11-2025","4.533","4.526","4.582","4.461","170.35K","-0.70%"
"11-11-2025","4.565","4.375","4.581","4.276","243.69K","5.23%"
"10-11-2025","4.338","4.480","4.509","4.262","189.08K","0.53%"
"07-11-2025","4.315","4.413","4.419","4.268","178.32K","-0.96%"
"06-11-2025","4.357","4.239","4.420","4.192","193.87K","2.95%"
"05-11-2025","4.232","4.320","4.351","4.206","156.27K","-2.56%"
"04-11-2025","4.343","4.256","4.396","4.183","231.29K","1.80%"
"03-11-2025","4.266","4.160","4.298","4.087","242.22K","3.44%"
"31-10-2025","4.124","4.061","4.157","4.015","238.49K","4.25%"
"30-10-2025","3.956","3.798","4.071","3.786","201.08K","17.18%"
"29-10-2025","3.376","3.271","3.405","3.193","4.30K","0.93%"
"28-10-2025","3.345","3.411","3.435","3.239","85.02K","-2.82%"
"27-10-2025","3.442","3.410","3.469","3.261","67.44K","4.18%"
"24-10-2025","3.304","3.285","3.397","3.200","108.14K","-1.20%"
"23-10-2025","3.344","3.439","3.507","3.290","157.09K","-17.64%"
"22-10-2025","4.060","4.090","4.139","4.015","146.97K","-0.68%"
"21-10-2025","4.088","4.045","4.098","3.954","141.19K","1.31%"
"20-10-2025","4.035","3.837","4.051","3.829","163.82K","34.14%"
"17-10-2025","3.008","2.926","3.024","2.893","128.24K","2.38%"
"16-10-2025","2.938","3.036","3.067","2.922","161.36K","-2.59%"
"15-10-2025","3.016","3.029","3.041","2.964","149.15K","-0.40%"
"14-10-2025","3.028","3.103","3.106","3.004","150.48K","-2.89%"
"13-10-2025","3.118","3.100","3.138","3.029","0.70K","0.39%"
"10-10-2025","3.106","3.239","3.253","3.089","195.35K","-4.99%"
"09-10-2025","3.269","3.336","3.393","3.235","198.68K","-1.92%"
"08-10-2025","3.333","3.524","3.550","3.316","242.69K","-4.72%"
"07-10-2025","3.498","3.398","3.524","3.355","230.26K","4.20%"
"06-10-2025","3.357","3.300","3.485","3.296","165.23K","0.99%"
"03-10-2025","3.324","3.413","3.451","3.307","217.26K","-3.43%"
"02-10-2025","3.442","3.457","3.585","3.402","259.35K","-0.98%"
"01-10-2025","3.476","3.331","3.492","3.318","240.70K","5.24%"
"30-09-2025","3.303","3.279","3.351","3.245","162.03K","1.10%"
"29-09-2025","3.267","3.149","3.299","3.133","166.63K","15.24%"
"26-09-2025","2.835","2.912","2.944","2.788","4.45K","-2.38%"
"25-09-2025","2.904","2.879","2.968","2.848","74.21K","1.61%"
"24-09-2025","2.858","2.863","2.914","2.816","55.70K","0.18%"
"23-09-2025","2.853","2.806","2.870","2.772","70.89K","1.67%"
"22-09-2025","2.806","2.909","2.945","2.804","163.18K","-12.04%"
"19-09-2025","3.190","3.211","3.241","3.174","135.90K","-1.36%"
"18-09-2025","3.234","3.340","3.365","3.224","124.16K","-3.81%"
"17-09-2025","3.362","3.366","3.419","3.332","84.82K","0.21%"
"16-09-2025","3.355","3.308","3.375","3.170","102.44K","1.67%"
"15-09-2025","3.300","3.199","3.306","3.173","92.15K","12.21%"
"12-09-2025","2.941","2.918","3.000","2.897","160.05K","0.24%"
"11-09-2025","2.934","3.029","3.062","2.911","199.07K","-3.14%"
"10-09-2025","3.029","3.107","3.117","3.008","171.98K","-2.82%"
"09-09-2025","3.117","3.098","3.165","3.046","181.52K","0.87%"
"08-09-2025","3.090","3.087","3.198","3.056","200.53K","1.38%"
"05-09-2025","3.048","3.078","3.130","3.021","130.91K","-0.85%"
"04-09-2025","3.074","3.075","3.130","3.022","165.91K","0.33%"
"03-09-2025","3.064","2.992","3.131","2.964","187.56K","1.83%"
"02-09-2025","3.009","2.972","3.065","2.869","226.57K","0.91%"
"01-09-2025","2.982","2.974","3.065","2.928","45.73K","-0.73%"
"31-08-2025","3.004","2.986","3.005","2.979","","0.23%"
"29-08-2025","2.997","2.985","3.023","2.921","142.63K","1.80%"
"28-08-2025","2.944","2.874","2.999","2.850","186.27K","2.69%"
"27-08-2025","2.867","2.738","2.906","2.676","3.34K","5.52%"
"26-08-2025","2.717","2.711","2.742","2.654","70.24K","0.78%"
"25-08-2025","2.696","2.639","2.717","2.622","60.32K","-0.07%"
"22-08-2025","2.698","2.813","2.819","2.689","79.36K","-4.53%"
"21-08-2025","2.826","2.765","2.849","2.740","115.27K","-0.56%"
"20-08-2025","2.842","2.857","2.869","2.820","113.08K","-0.70%"
"19-08-2025","2.862","3.009","3.009","2.827","154.55K","-4.34%"
"18-08-2025","2.992","2.985","3.025","2.911","95.61K","2.61%"
"15-08-2025","2.916","2.850","2.966","2.836","132.78K","2.64%"
"14-08-2025","2.841","2.818","2.852","2.774","138.65K","0.46%"
"13-08-2025","2.828","2.784","2.851","2.764","179.25K","0.71%"
"12-08-2025","2.808","2.978","2.985","2.774","219.06K","-4.94%"
"11-08-2025","2.954","2.895","3.000","2.881","156.87K","-1.20%"
"08-08-2025","2.990","3.086","3.106","2.960","164.26K","-2.51%"
"07-08-2025","3.067","3.099","3.148","3.035","171.66K","-0.32%"
"06-08-2025","3.077","3.015","3.096","2.945","133.71K","2.23%"
"05-08-2025","3.010","2.946","3.041","2.929","134.13K","2.66%"
"04-08-2025","2.932","3.065","3.078","2.895","167.44K","-4.90%"
"01-08-2025","3.083","3.100","3.131","3.051","102.38K","-0.74%"
"31-07-2025","3.106","3.026","3.114","2.972","168.40K","2.00%"
"30-07-2025","3.045","3.164","3.186","3.014","126.25K","-1.17%"
"29-07-2025","3.081","3.034","3.112","3.011","2.37K","3.11%"
"28-07-2025","2.988","3.093","3.140","2.984","69.85K","-3.92%"
"25-07-2025","3.110","3.110","3.145","3.068","39.12K","0.52%"
"24-07-2025","3.094","3.070","3.166","3.065","75.36K","0.55%"
"23-07-2025","3.077","3.253","3.267","3.061","158.44K","-6.39%"
"22-07-2025","3.287","3.342","3.360","3.247","122.26K","-2.06%"
"21-07-2025","3.356","3.506","3.512","3.319","143.80K","-5.86%"
"18-07-2025","3.565","3.519","3.628","3.494","123.96K","0.65%"
"17-07-2025","3.542","3.557","3.629","3.511","108.57K","-0.25%"
"16-07-2025","3.551","3.519","3.598","3.491","116.04K","0.79%"
"15-07-2025","3.523","3.447","3.542","3.401","132.96K","1.64%"
"14-07-2025","3.466","3.404","3.499","3.383","149.46K","4.59%"
"11-07-2025","3.314","3.365","3.418","3.293","130.29K","-0.69%"
"10-07-2025","3.337","3.208","3.398","3.191","163.04K","3.83%"
"09-07-2025","3.214","3.348","3.359","3.149","217.20K","-3.77%"
"08-07-2025","3.340","3.406","3.469","3.325","130.24K","-2.11%"
"07-07-2025","3.412","3.344","3.472","3.275","163.40K","0.65%"
"04-07-2025","3.390","3.418","3.434","3.368","16.62K","-0.56%"
"03-07-2025","3.409","3.500","3.574","3.392","147.83K","-2.26%"
"02-07-2025","3.488","3.417","3.520","3.366","115.61K","2.14%"
"01-07-2025","3.415","3.453","3.468","3.293","177.01K","-1.19%"
"30-06-2025","3.456","3.735","3.738","3.421","212.92K","-7.57%"
"27-06-2025","3.739","3.530","3.751","3.513","153.06K","14.66%"
"26-06-2025","3.261","3.394","3.425","3.199","5.53K","-4.26%"
"25-06-2025","3.406","3.549","3.587","3.372","74.50K","-3.70%"
"24-06-2025","3.537","3.681","3.684","3.530","70.98K","-4.35%"
"23-06-2025","3.698","3.949","3.949","3.666","102.70K","-6.36%"
"20-06-2025","3.949","4.077","4.230","3.918","150.78K","-3.35%"
"19-06-2025","4.086","4.083","4.102","3.966","36.51K","0.22%"
"18-06-2025","4.077","3.963","4.092","3.918","171.19K","3.24%"
"17-06-2025","3.949","3.836","3.975","3.818","86.01K","2.73%"
"16-06-2025","3.844","3.773","3.855","3.732","85.97K","7.34%"
"13-06-2025","3.581","3.541","3.623","3.499","133.29K","2.55%"
"12-06-2025","3.492","3.519","3.644","3.466","220.85K","-0.43%"
"11-06-2025","3.507","3.526","3.626","3.453","211.74K","-0.74%"
"10-06-2025","3.533","3.612","3.662","3.515","179.31K","-2.81%"
"09-06-2025","3.635","3.719","3.769","3.581","215.68K","-3.94%"
"06-06-2025","3.784","3.653","3.817","3.649","180.63K","2.91%"
"05-06-2025","3.677","3.703","3.791","3.620","208.76K","-1.05%"
"04-06-2025","3.716","3.729","3.740","3.661","126.09K","-0.16%"
"03-06-2025","3.722","3.748","3.764","3.630","139.41K","0.76%"
"02-06-2025","3.694","3.501","3.750","3.501","199.98K","7.17%"
"30-05-2025","3.447","3.535","3.564","3.440","131.55K","-2.13%"
"29-05-2025","3.522","3.535","3.576","3.437","180.66K","9.93%"
"28-05-2025","3.204","3.405","3.511","3.152","2.54K","-5.71%"
"27-05-2025","3.398","3.376","3.445","3.214","55.90K","-7.34%"
"26-05-2025","3.667","3.672","3.758","3.643","17.95K","-2.27%"
"25-05-2025","3.752","3.786","3.803","3.745","","12.54%"
"23-05-2025","3.334","3.283","3.350","3.217","60.60K","2.49%"
"22-05-2025","3.253","3.356","3.381","3.238","91.99K","-12.95%"
"21-05-2025","3.737","3.759","3.840","3.678","118.67K","-0.80%"
"20-05-2025","3.767","3.445","3.795","3.444","195.65K","9.13%"
"19-05-2025","3.452","3.640","3.640","3.436","150.36K","3.54%"
"16-05-2025","3.334","3.372","3.449","3.305","141.33K","-0.83%"
"15-05-2025","3.362","3.467","3.499","3.335","152.65K","-3.72%"
"14-05-2025","3.492","3.622","3.635","3.454","119.95K","-4.25%"
"13-05-2025","3.647","3.677","3.728","3.570","130.02K","0.03%"
"12-05-2025","3.646","3.775","3.840","3.608","163.73K","-3.93%"
"09-05-2025","3.795","3.621","3.815","3.613","174.97K","5.65%"
"08-05-2025","3.592","3.632","3.723","3.527","158.75K","-0.80%"
"07-05-2025","3.621","3.487","3.656","3.487","162.37K","4.56%"
"06-05-2025","3.463","3.568","3.648","3.423","200.86K","-2.45%"
"05-05-2025","3.550","3.671","3.747","3.531","161.32K","-2.20%"
"02-05-2025","3.630","3.446","3.673","3.418","140.95K","4.34%"
"01-05-2025","3.479","3.353","3.540","3.340","159.64K","4.60%"
"30-04-2025","3.326","3.380","3.399","3.260","145.96K","-1.77%"
"29-04-2025","3.386","3.320","3.457","3.307","156.57K","6.81%"
"28-04-2025","3.170","2.884","3.187","2.859","2.17K","7.93%"
"25-04-2025","2.937","2.939","2.983","2.868","58.82K","0.24%"
"24-04-2025","2.930","3.011","3.016","2.858","66.98K","-3.04%"
"23-04-2025","3.022","3.046","3.074","2.967","86.14K","0.50%"
"22-04-2025","3.007","3.051","3.095","2.955","133.98K","-5.35%"
"21-04-2025","3.177","3.367","3.391","3.155","117.68K","-2.10%"
"17-04-2025","3.245","3.262","3.334","3.191","145.61K","-0.06%"
"16-04-2025","3.247","3.318","3.318","3.204","150.41K","-2.46%"
"15-04-2025","3.329","3.345","3.378","3.216","143.59K","0.12%"
"14-04-2025","3.325","3.500","3.613","3.312","160.23K","-5.73%"
"11-04-2025","3.527","3.520","3.576","3.394","181.63K","-0.84%"
"10-04-2025","3.557","3.747","3.751","3.466","260.68K","-6.79%"
"09-04-2025","3.816","3.481","3.829","3.336","359.06K","10.13%"
"08-04-2025","3.465","3.630","3.783","3.462","278.15K","-5.20%"
"07-04-2025","3.655","3.811","3.939","3.600","298.84K","-4.74%"
"04-04-2025","3.837","4.119","4.153","3.811","246.55K","-7.27%"
"03-04-2025","4.138","4.011","4.203","3.968","165.41K","2.05%"
"02-04-2025","4.055","3.950","4.089","3.935","141.24K","2.63%"
"01-04-2025","3.951","4.132","4.148","3.934","156.69K","-4.08%"
"31-03-2025","4.119","4.176","4.253","4.055","171.86K","1.33%"
"28-03-2025","4.065","3.915","4.100","3.836","176.36K","2.91%"
"27-03-2025","3.950","3.859","4.016","3.689","5.09K","2.31%"
"26-03-2025","3.861","3.866","3.930","3.813","52.75K","0.55%"
"25-03-2025","3.840","3.909","3.990","3.796","50.29K","-1.89%"
"24-03-2025","3.914","3.880","4.012","3.862","78.99K","-2.73%"
"21-03-2025","4.024","4.035","4.089","3.931","118.07K","-0.35%"
"20-03-2025","4.038","4.280","4.312","4.027","141.55K","-6.38%"
"19-03-2025","4.313","4.110","4.322","4.102","113.39K","4.96%"
"18-03-2025","4.109","4.073","4.185","4.041","95.98K","0.56%"
"17-03-2025","4.086","4.187","4.278","4.046","88.75K","-0.44%"
"14-03-2025","4.104","4.040","4.141","3.962","144.41K","-0.17%"
"13-03-2025","4.111","4.032","4.195","3.955","227.07K","0.66%"
"12-03-2025","4.084","4.346","4.379","4.029","224.05K","-8.29%"
"11-03-2025","4.453","4.461","4.588","4.334","192.16K","-0.85%"
"10-03-2025","4.491","4.467","4.901","4.447","221.48K","2.09%"
"07-03-2025","4.399","4.286","4.426","4.132","211.90K","2.25%"
"06-03-2025","4.302","4.466","4.471","4.254","202.48K","-3.33%"
"05-03-2025","4.450","4.317","4.518","4.227","224.57K","2.30%"
"04-03-2025","4.350","4.168","4.551","4.056","350.51K","5.53%"
"03-03-2025","4.122","3.779","4.173","3.742","269.84K","7.51%"
"28-02-2025","3.834","3.939","3.954","3.814","141.99K","-2.54%"
"27-02-2025","3.934","3.966","4.065","3.878","171.40K","0.72%"
"26-02-2025","3.906","4.130","4.212","3.860","2.24K","-6.42%"
"25-02-2025","4.174","3.987","4.186","3.935","91.53K","4.51%"
"24-02-2025","3.994","4.065","4.090","3.906","82.87K","-5.67%"
"21-02-2025","4.234","4.174","4.444","4.148","164.32K","1.97%"
"20-02-2025","4.152","4.381","4.476","4.034","211.82K","-1.26%"
"19-02-2025","4.205","3.974","4.289","3.911","247.32K","5.73%"
"18-02-2025","3.977","3.610","3.981","3.557","203.90K","6.77%"
"14-02-2025","3.725","3.650","3.801","3.635","201.10K","2.67%"
"13-02-2025","3.628","3.591","3.786","3.583","305.90K","1.77%"
"12-02-2025","3.565","3.510","3.583","3.469","194.73K","1.31%"
"11-02-2025","3.519","3.442","3.576","3.431","219.16K","2.18%"
"10-02-2025","3.444","3.406","3.487","3.352","203.92K","4.08%"
"07-02-2025","3.309","3.380","3.435","3.296","188.70K","-2.90%"
"06-02-2025","3.408","3.355","3.434","3.303","177.67K","1.43%"
"05-02-2025","3.360","3.229","3.375","3.161","170.26K","3.29%"
"04-02-2025","3.253","3.327","3.350","3.168","182.53K","-2.95%"
"03-02-2025","3.352","3.230","3.407","3.230","273.51K","10.12%"
"31-01-2025","3.044","3.081","3.118","2.990","138.21K","-0.10%"
"30-01-2025","3.047","3.175","3.240","3.035","201.74K","-13.80%"
"29-01-2025","3.535","3.335","3.588","3.313","3.30K","1.84%"
"28-01-2025","3.471","3.699","3.720","3.361","63.82K","-6.11%"
"27-01-2025","3.697","3.785","3.827","3.609","66.94K","-8.19%"
"24-01-2025","4.027","3.933","4.050","3.808","87.57K","2.08%"
"23-01-2025","3.945","4.001","4.048","3.861","120.84K","12.52%"
"22-01-2025","3.506","3.371","3.532","3.321","138.13K","4.88%"
"21-01-2025","3.343","3.392","3.466","3.334","161.48K","-15.32%"
"17-01-2025","3.948","4.280","4.308","3.910","204.28K","-7.28%"
"16-01-2025","4.258","4.130","4.328","4.018","193.02K","4.29%"
"15-01-2025","4.083","3.955","4.141","3.859","169.34K","2.90%"
"14-01-2025","3.968","3.930","4.059","3.736","167.42K","0.86%"
"13-01-2025","3.934","4.347","4.369","3.845","195.51K","-1.38%"
"10-01-2025","3.989","3.709","4.018","3.685","229.11K","7.78%"
"09-01-2025","3.701","3.682","3.830","3.552","145.20K","1.37%"
"08-01-2025","3.651","3.448","3.694","3.427","189.26K","5.86%"
"07-01-2025","3.449","3.705","3.738","3.427","182.15K","-6.07%"
"06-01-2025","3.672","3.554","3.726","3.502","228.12K","9.48%"
"03-01-2025","3.354","3.669","3.680","3.330","188.09K","-8.36%"
"02-01-2025","3.660","3.656","3.801","3.541","156.67K","0.74%"
"31-12-2024","3.633","3.915","4.012","3.577","184.55K","-7.70%"
"30-12-2024","3.936","3.657","4.201","3.648","374.32K","12.01%"
"27-12-2024","3.514","3.707","3.887","3.370","2.52K","-5.41%"
"26-12-2024","3.715","3.970","4.010","3.652","67.21K","-5.85%"
"24-12-2024","3.946","3.695","3.958","3.666","66.85K","7.93%"
"23-12-2024","3.656","3.869","3.944","3.581","125.62K","7.15%"
"20-12-2024","3.412","3.327","3.457","3.264","165.73K","3.52%"
"19-12-2024","3.296","3.135","3.338","3.126","132.38K","5.81%"
"18-12-2024","3.115","3.123","3.175","3.084","111.29K","1.14%"
"17-12-2024","3.080","3.030","3.147","2.919","122.87K","13.99%"
"16-12-2024","2.702","2.710","2.727","2.672","89.64K","-17.62%"
"13-12-2024","3.280","3.458","3.489","3.264","213.64K","-5.07%"
"12-12-2024","3.455","3.364","3.559","3.282","328.09K","2.28%"
"11-12-2024","3.378","3.193","3.404","3.181","276.53K","6.80%"
"10-12-2024","3.163","3.189","3.193","3.069","233.88K","-0.60%"
"09-12-2024","3.182","3.260","3.324","3.137","258.43K","3.45%"
"06-12-2024","3.076","3.087","3.108","3.004","188.69K","-0.10%"
"05-12-2024","3.079","3.071","3.155","3.035","183.89K","1.18%"
"04-12-2024","3.043","3.048","3.088","2.977","171.70K","0.03%"
"03-12-2024","3.042","3.207","3.217","3.030","184.35K","-5.32%"
"02-12-2024","3.213","3.220","3.279","3.148","208.65K","-4.46%"
"29-11-2024","3.363","3.195","3.384","3.175","163.06K","4.96%"
"27-11-2024","3.204","3.468","3.470","3.189","214.29K","-6.62%"
"26-11-2024","3.431","3.330","3.500","3.255","3.24K","1.84%"
"25-11-2024","3.369","3.356","3.461","3.264","108.49K","7.67%"
"22-11-2024","3.129","3.390","3.563","3.071","95.81K","-6.29%"
"21-11-2024","3.339","3.216","3.451","3.195","192.16K","4.57%"
"20-11-2024","3.193","2.962","3.237","2.942","225.69K","-1.08%"
"19-11-2024","3.228","3.166","3.280","3.132","170.83K","1.32%"
"18-11-2024","3.186","3.198","3.220","3.088","167.48K","2.91%"
"15-11-2024","3.096","3.037","3.113","2.975","123.42K","1.38%"
"14-11-2024","3.054","3.201","3.201","3.036","149.36K","-4.62%"
"13-11-2024","3.202","3.137","3.234","3.057","161.61K","2.20%"
"12-11-2024","3.133","3.155","3.216","3.081","176.30K","0.22%"
"11-11-2024","3.126","3.013","3.169","3.009","146.08K","6.98%"
"08-11-2024","2.922","2.952","3.002","2.905","105.68K","-0.88%"
"07-11-2024","2.948","2.966","3.029","2.915","103.38K","-1.96%"
"06-11-2024","3.007","2.948","3.050","2.921","95.62K","2.42%"
"05-11-2024","2.936","3.042","3.070","2.915","93.38K","-3.29%"
"04-11-2024","3.036","2.849","3.053","2.800","109.06K","3.41%"
"01-11-2024","2.936","2.965","2.983","2.908","102.07K","-1.08%"
"31-10-2024","2.968","3.073","3.087","2.958","119.05K","-4.29%"
"30-10-2024","3.101","3.169","3.171","3.032","91.51K","8.46%"
"29-10-2024","2.859","2.841","2.908","2.794","143.88K","-0.14%"
"28-10-2024","2.863","3.044","3.044","2.801","253.31K","-7.41%"
"25-10-2024","3.092","3.017","3.101","2.967","144.71K","2.45%"
"24-10-2024","3.018","2.952","3.062","2.903","199.16K","4.03%"
"23-10-2024","2.901","2.878","2.980","2.848","121.31K","0.21%"
"22-10-2024","2.895","2.850","2.920","2.787","142.72K","3.14%"
"21-10-2024","2.807","2.740","2.862","2.712","111.07K","1.52%"
"18-10-2024","2.765","2.829","2.842","2.762","128.38K","-2.30%"
"17-10-2024","2.830","2.851","2.892","2.819","103.63K","-0.39%"
"16-10-2024","2.841","2.937","2.942","2.830","121.63K","-3.50%"
"15-10-2024","2.944","2.922","3.001","2.882","94.81K","0.48%"
"14-10-2024","2.930","3.030","3.039","2.915","80.92K","-3.84%"
"11-10-2024","3.047","3.115","3.146","3.030","81.89K","-1.77%"
"10-10-2024","3.102","3.099","3.128","3.048","94.80K","-0.45%"
"09-10-2024","3.116","3.176","3.185","3.084","88.81K","-2.59%"
"08-10-2024","3.199","3.202","3.230","3.162","75.26K","-0.59%"
"07-10-2024","3.218","3.282","3.316","3.197","104.32K","-2.63%"
"04-10-2024","3.305","3.370","3.406","3.288","83.10K","-1.90%"
"03-10-2024","3.369","3.329","3.387","3.303","59.49K","2.18%"
"02-10-2024","3.297","3.288","3.378","3.272","63.44K","0.27%"
"01-10-2024","3.288","3.330","3.338","3.253","69.60K","-1.70%"
"30-09-2024","3.345","3.302","3.368","3.274","67.90K","1.24%"
"27-09-2024","3.304","3.173","3.332","3.145","78.66K","20.01%"
"26-09-2024","2.753","2.829","2.883","2.731","187.37K","-2.27%"
"25-09-2024","2.817","2.814","2.887","2.795","183.26K","0.93%"
"24-09-2024","2.791","2.861","2.895","2.776","153.22K","-2.21%"
"23-09-2024","2.854","2.735","2.874","2.728","212.24K","4.97%"
"20-09-2024","2.719","2.603","2.743","2.582","183.09K","4.78%"
"19-09-2024","2.595","2.568","2.604","2.505","138.18K","1.17%"
"18-09-2024","2.565","2.606","2.656","2.560","95.43K","-1.84%"
"17-09-2024","2.613","2.645","2.691","2.603","118.35K","-0.99%"
"16-09-2024","2.639","2.580","2.656","2.547","108.85K","1.93%"
"13-09-2024","2.589","2.638","2.666","2.575","109.16K","-1.67%"
"12-09-2024","2.633","2.583","2.666","2.533","138.04K","2.17%"
"11-09-2024","2.577","2.538","2.597","2.513","114.66K","1.26%"
"10-09-2024","2.545","2.516","2.580","2.497","111.76K","0.71%"
"09-09-2024","2.527","2.557","2.581","2.506","109.25K","-2.70%"
"06-09-2024","2.597","2.580","2.615","2.561","60.76K","0.70%"
"05-09-2024","2.579","2.503","2.614","2.482","74.26K","2.91%"
"04-09-2024","2.506","2.541","2.612","2.499","62.74K","-1.73%"
"03-09-2024","2.550","2.512","2.571","2.439","97.33K","2.08%"
"30-08-2024","2.498","2.535","2.553","2.479","66.97K","-1.23%"
"29-08-2024","2.529","2.524","2.552","2.454","62.68K","20.60%"
"28-08-2024","2.097","2.085","2.140","2.021","165.22K","0.58%"
"27-08-2024","2.085","2.123","2.126","2.045","182.03K","-2.11%"
"26-08-2024","2.130","2.160","2.186","2.114","121.32K","-2.29%"
"23-08-2024","2.180","2.201","2.211","2.154","112.32K","-0.64%"
"22-08-2024","2.194","2.328","2.337","2.167","166.91K","-5.19%"
"21-08-2024","2.314","2.333","2.364","2.271","105.72K","-0.69%"
"20-08-2024","2.330","2.367","2.401","2.301","100.47K","-1.15%"
"19-08-2024","2.357","2.250","2.374","2.225","133.82K","4.90%"
"16-08-2024","2.247","2.341","2.343","2.237","107.16K","-3.64%"
"15-08-2024","2.332","2.345","2.421","2.317","121.87K","-0.47%"
"14-08-2024","2.343","2.288","2.395","2.272","126.59K","2.76%"
"13-08-2024","2.280","2.324","2.373","2.267","119.24K","-2.65%"
"12-08-2024","2.342","2.311","2.394","2.301","99.38K","2.18%"
"09-08-2024","2.292","2.290","2.333","2.247","103.64K","0.97%"
"08-08-2024","2.270","2.228","2.321","2.161","135.05K","1.38%"
"07-08-2024","2.239","2.133","2.247","2.125","118.66K","5.56%"
"06-08-2024","2.121","2.058","2.140","2.015","83.46K","3.72%"
"05-08-2024","2.045","2.069","2.083","1.991","69.66K","-1.59%"
"02-08-2024","2.078","2.114","2.147","2.041","87.31K","-0.86%"
"01-08-2024","2.096","2.158","2.243","2.093","97.44K","-3.05%"
"31-07-2024","2.162","2.241","2.261","2.149","79.09K","-3.65%"
"30-07-2024","2.244","2.189","2.252","2.113","71.34K","10.22%"
"29-07-2024","2.036","2.053","2.102","1.999","162.68K","-0.73%"
"26-07-2024","2.051","2.082","2.096","2.039","149.81K","-1.01%"
"25-07-2024","2.072","2.161","2.193","2.064","158.13K","-3.99%"
"24-07-2024","2.158","2.190","2.208","2.139","133.12K","-2.97%"
"23-07-2024","2.224","2.279","2.290","2.160","127.42K","-2.71%"
"22-07-2024","2.286","2.145","2.302","2.131","141.07K","5.59%"
"19-07-2024","2.165","2.128","2.179","2.095","101.00K","-0.14%"
"18-07-2024","2.168","2.088","2.172","2.063","147.92K","4.68%"
"17-07-2024","2.071","2.203","2.224","2.055","187.04K","-6.12%"
"16-07-2024","2.206","2.189","2.235","2.171","121.32K","1.29%"
"15-07-2024","2.178","2.283","2.284","2.167","162.46K","-6.56%"
"12-07-2024","2.331","2.287","2.357","2.252","101.06K","2.15%"
"11-07-2024","2.282","2.339","2.353","2.277","100.06K","-2.69%"
"10-07-2024","2.345","2.366","2.396","2.313","107.30K","-0.64%"
"09-07-2024","2.360","2.384","2.454","2.351","106.05K","-0.92%"
"08-07-2024","2.382","2.300","2.417","2.300","126.72K","1.36%"
"05-07-2024","2.350","2.459","2.466","2.347","98.43K","-0.89%"
"04-07-2024","2.371","2.431","2.439","2.335","","-3.11%"
"03-07-2024","2.447","2.485","2.503","2.434","70.97K","-0.29%"
"02-07-2024","2.454","2.482","2.497","2.436","96.17K","-1.52%"
"01-07-2024","2.492","2.581","2.599","2.474","107.00K","-4.08%"
"28-06-2024","2.598","2.694","2.749","2.591","80.15K","-2.88%"
"27-06-2024","2.675","2.725","2.773","2.665","61.99K","-2.55%"
"26-06-2024","2.745","2.850","2.863","2.731","141.35K","-4.12%"
"25-06-2024","2.863","2.943","2.951","2.831","158.42K","-2.88%"
"24-06-2024","2.948","2.813","2.953","2.780","139.60K","3.95%"
"21-06-2024","2.836","2.838","2.888","2.793","104.88K","-0.63%"
"20-06-2024","2.854","2.995","3.027","2.833","131.81K","-2.13%"
"19-06-2024","2.916","2.904","2.928","2.859","","-2.47%"
"18-06-2024","2.990","2.870","2.997","2.858","91.14K","4.29%"
"17-06-2024","2.867","2.930","2.930","2.837","96.87K","-3.24%"
"14-06-2024","2.963","3.000","3.068","2.950","80.26K","-2.44%"
"13-06-2024","3.037","3.104","3.167","2.978","94.27K","-2.72%"
"12-06-2024","3.122","3.194","3.194","3.073","101.31K","-2.22%"
"11-06-2024","3.193","3.046","3.221","3.031","85.32K","7.26%"
"10-06-2024","2.977","3.055","3.163","2.945","106.18K","-0.63%"
"07-06-2024","2.996","2.883","3.037","2.871","93.24K","3.60%"
"06-06-2024","2.892","2.829","2.946","2.796","73.60K","2.26%"
"05-06-2024","2.828","2.694","2.854","2.681","76.26K","5.92%"
"04-06-2024","2.670","2.814","2.874","2.656","87.22K","-4.78%"
"03-06-2024","2.804","2.716","2.850","2.688","99.26K","5.33%"
"31-05-2024","2.662","2.647","2.701","2.605","61.48K","0.57%"
"30-05-2024","2.647","2.715","2.731","2.637","73.51K","-0.71%"
"29-05-2024","2.666","2.836","2.848","2.655","161.40K","-5.63%"
"28-05-2024","2.825","2.761","2.853","2.732","211.82K","1.62%"
"27-05-2024","2.780","2.747","2.853","2.742","","1.16%"
"26-05-2024","2.748","2.747","2.760","2.732","","-0.90%"
"24-05-2024","2.773","2.938","2.965","2.759","165.96K","-5.13%"
"23-05-2024","2.923","3.004","3.161","2.896","274.51K","-4.23%"
"22-05-2024","3.052","2.834","3.060","2.786","213.50K","7.50%"
"21-05-2024","2.839","2.891","2.945","2.802","156.13K","-2.14%"
"20-05-2024","2.901","2.815","2.905","2.785","172.08K","4.02%"
"17-05-2024","2.789","2.681","2.809","2.673","146.53K","3.80%"
"16-05-2024","2.687","2.622","2.753","2.609","152.35K","2.13%"
"15-05-2024","2.631","2.559","2.637","2.542","129.40K","2.81%"
"14-05-2024","2.559","2.576","2.610","2.520","104.01K","-1.08%"
"13-05-2024","2.587","2.477","2.590","2.447","119.01K","4.15%"
"10-05-2024","2.484","2.539","2.567","2.473","119.37K","-2.09%"
"09-05-2024","2.537","2.470","2.561","2.438","160.91K","2.55%"
"08-05-2024","2.474","2.479","2.533","2.450","111.54K","0.12%"
"07-05-2024","2.471","2.476","2.493","2.423","92.67K","0.32%"
"06-05-2024","2.463","2.439","2.521","2.396","100.91K","1.95%"
"03-05-2024","2.416","2.333","2.430","2.305","104.78K","3.65%"
"02-05-2024","2.331","2.263","2.344","2.261","70.43K","2.87%"
"01-05-2024","2.266","2.285","2.300","2.255","74.76K","-2.29%"
"30-04-2024","2.319","2.394","2.420","2.287","80.03K","-2.28%"
"29-04-2024","2.373","2.282","2.391","2.279","80.44K","23.40%"
"26-04-2024","1.923","1.977","2.002","1.909","119.52K","-3.17%"
"25-04-2024","1.986","1.969","1.993","1.926","158.31K","0.35%"
"24-04-2024","1.979","2.128","2.133","1.960","182.16K","-5.49%"
"23-04-2024","2.094","2.070","2.140","2.018","150.38K","1.40%"
"22-04-2024","2.065","1.988","2.072","1.961","116.22K","3.87%"
"19-04-2024","1.988","1.974","2.029","1.951","112.54K","0.10%"
"18-04-2024","1.986","1.971","2.004","1.964","106.14K","1.22%"
"17-04-2024","1.962","1.940","1.976","1.914","97.83K","-1.31%"
"16-04-2024","1.988","1.946","2.046","1.907","133.97K","2.16%"
"15-04-2024","1.946","2.035","2.052","1.931","105.81K","-4.09%"
"12-04-2024","2.029","2.005","2.043","1.973","94.17K","1.45%"
"11-04-2024","2.000","2.061","2.074","1.992","120.91K","-3.57%"
"10-04-2024","2.074","2.085","2.118","2.054","86.43K","0.48%"
"09-04-2024","2.064","2.046","2.110","2.037","109.83K","0.63%"
"08-04-2024","2.051","1.996","2.057","1.975","96.95K","2.04%"
"05-04-2024","2.010","2.001","2.036","1.972","75.18K","0.65%"
"04-04-2024","1.997","2.068","2.074","1.992","93.95K","-3.39%"
"03-04-2024","2.067","2.093","2.136","2.060","56.65K","-1.81%"
"02-04-2024","2.105","2.075","2.115","2.018","66.68K","1.49%"
"01-04-2024","2.074","1.999","2.088","1.958","67.72K","3.86%"
"28-03-2024","1.997","1.954","2.017","1.928","45.87K","2.25%"
"27-03-2024","1.953","2.012","2.014","1.943","47.25K","9.23%"
"26-03-2024","1.788","1.805","1.830","1.775","123.17K","-0.06%"
"25-03-2024","1.789","1.817","1.825","1.758","147.53K","-1.27%"
"22-03-2024","1.812","1.838","1.859","1.791","105.07K","-1.04%"
"21-03-2024","1.831","1.839","1.855","1.797","143.83K","-0.76%"
"20-03-2024","1.845","1.882","1.900","1.824","136.83K","-1.65%"
"19-03-2024","1.876","1.844","1.890","1.832","122.80K","2.35%"
"18-03-2024","1.833","1.824","1.884","1.801","118.33K","2.46%"
"15-03-2024","1.789","1.875","1.893","1.781","137.15K","-3.92%"
"14-03-2024","1.862","1.791","1.884","1.761","136.51K","4.37%"
"13-03-2024","1.784","1.822","1.833","1.766","157.54K","-2.14%"
"12-03-2024","1.823","1.855","1.921","1.800","169.86K","-2.09%"
"11-03-2024","1.862","1.920","1.961","1.852","137.93K","-3.17%"
"08-03-2024","1.923","1.942","1.955","1.896","131.96K","-1.49%"
"07-03-2024","1.952","2.075","2.087","1.926","142.91K","-5.79%"
"06-03-2024","2.072","2.088","2.115","2.061","72.08K","-1.10%"
"05-03-2024","2.095","2.076","2.152","2.039","82.94K","1.06%"
"04-03-2024","2.073","2.012","2.132","2.011","116.37K","4.96%"
"01-03-2024","1.975","1.993","2.021","1.948","65.21K","-1.64%"
"29-02-2024","2.008","2.044","2.064","1.988","97.38K","-2.14%"
"28-02-2024","2.052","1.965","2.071","1.940","87.15K","13.50%"
"27-02-2024","1.808","1.751","1.838","1.710","179.94K","3.67%"
"26-02-2024","1.744","1.750","1.834","1.716","235.21K","2.65%"
"23-02-2024","1.699","1.817","1.819","1.683","161.17K","-7.26%"
"22-02-2024","1.832","1.863","1.868","1.752","183.31K","-1.66%"
"21-02-2024","1.863","1.792","1.877","1.749","233.77K","13.18%"
"20-02-2024","1.646","1.620","1.783","1.600","178.44K","5.65%"
"19-02-2024","1.558","1.552","1.583","1.540","","0.45%"
"18-02-2024","1.551","1.527","1.565","1.527","","-7.68%"
"16-02-2024","1.680","1.654","1.704","1.638","146.71K","2.00%"
"15-02-2024","1.647","1.672","1.718","1.633","142.08K","-1.08%"
"14-02-2024","1.665","1.725","1.744","1.640","162.74K","-4.42%"
"13-02-2024","1.742","1.793","1.826","1.707","195.55K","-3.22%"
"12-02-2024","1.800","1.841","1.890","1.770","154.30K","-4.51%"
"09-02-2024","1.885","1.915","1.921","1.852","141.20K","-3.23%"
"08-02-2024","1.948","1.981","1.994","1.900","130.05K","-1.62%"
"07-02-2024","1.980","2.000","2.035","1.967","108.62K","-1.35%"
"06-02-2024","2.007","2.054","2.072","1.996","85.69K","-3.23%"
"05-02-2024","2.074","2.114","2.130","2.045","72.51K","-0.58%"
"02-02-2024","2.086","2.067","2.106","2.034","61.51K","1.07%"
"01-02-2024","2.064","2.151","2.177","2.047","90.38K","-2.69%"
"31-01-2024","2.121","2.112","2.175","2.063","63.90K","0.81%"
"30-01-2024","2.104","2.095","2.143","2.082","71.41K","2.43%"
"29-01-2024","2.054","2.159","2.166","2.047","164.62K","-5.56%"
"26-01-2024","2.175","2.190","2.235","2.093","214.99K","-0.23%"
"25-01-2024","2.180","2.288","2.334","2.158","188.52K","-3.63%"
"24-01-2024","2.262","2.213","2.290","2.190","182.13K","4.38%"
"23-01-2024","2.167","2.133","2.194","2.079","141.10K","1.98%"
"22-01-2024","2.125","2.165","2.187","2.114","184.49K","-5.64%"
"19-01-2024","2.252","2.420","2.421","2.237","169.18K","-6.67%"
"18-01-2024","2.413","2.496","2.496","2.364","138.74K","-3.33%"
"17-01-2024","2.496","2.438","2.516","2.402","126.63K","0.77%"
"16-01-2024","2.477","2.545","2.545","2.409","174.05K","-19.21%"
"15-01-2024","3.066","3.112","3.188","3.055","","-1.45%"
"14-01-2024","3.111","3.104","3.137","3.077","","18.88%"
"12-01-2024","2.617","2.557","2.647","2.543","172.29K","3.03%"
"11-01-2024","2.540","2.551","2.644","2.494","179.05K","-0.86%"
"10-01-2024","2.562","2.697","2.710","2.535","186.15K","-5.01%"
"09-01-2024","2.697","2.565","2.791","2.529","248.56K","3.81%"
"08-01-2024","2.598","2.649","2.654","2.430","173.15K","-0.88%"
"05-01-2024","2.621","2.580","2.631","2.467","118.41K","2.42%"
"04-01-2024","2.559","2.472","2.590","2.467","118.26K","4.53%"
"03-01-2024","2.448","2.381","2.503","2.367","110.28K","2.60%"
"02-01-2024","2.386","2.398","2.467","2.349","83.73K","-10.54%"
"01-01-2024","2.667","2.614","2.670","2.614","","14.61%"
"29-12-2023","2.327","2.371","2.395","2.307","69.88K","-2.10%"
"28-12-2023","2.377","2.302","2.392","2.266","68.45K","-2.46%"
"27-12-2023","2.437","2.429","2.570","2.429","129.27K","0.74%"
"26-12-2023","2.419","2.445","2.445","2.356","114.52K","0.04%"
"25-12-2023","2.418","2.425","2.442","2.415","","-2.89%"
"22-12-2023","2.490","2.465","2.501","2.410","90.40K","1.26%"
"21-12-2023","2.459","2.331","2.492","2.313","139.73K","4.77%"
"20-12-2023","2.347","2.425","2.451","2.317","116.98K","-0.80%"
"19-12-2023","2.366","2.429","2.440","2.288","124.83K","-2.07%"
"18-12-2023","2.416","2.434","2.509","2.411","96.99K","-0.37%"
"15-12-2023","2.425","2.366","2.467","2.327","114.21K","3.32%"
"14-12-2023","2.347","2.309","2.374","2.280","101.86K","2.40%"
"13-12-2023","2.292","2.225","2.342","2.187","148.82K","2.32%"
"12-12-2023","2.240","2.359","2.369","2.223","113.43K","-4.68%"
"11-12-2023","2.350","2.408","2.417","2.217","144.30K","-6.15%"
"08-12-2023","2.504","2.487","2.534","2.459","88.30K","-0.63%"
"07-12-2023","2.520","2.522","2.555","2.436","125.25K","0.12%"
"06-12-2023","2.517","2.658","2.707","2.492","82.95K","-5.62%"
"05-12-2023","2.667","2.655","2.738","2.632","42.49K","0.60%"
"04-12-2023","2.651","2.685","2.704","2.608","53.83K","-4.40%"
"01-12-2023","2.773","2.770","2.801","2.712","48.47K","0.36%"
"30-11-2023","2.763","2.761","2.814","2.724","44.65K","-0.22%"
"29-11-2023","2.769","2.757","2.830","2.728","46.45K","-2.40%"
"28-11-2023","2.837","2.947","2.992","2.786","187.19K","-3.70%"
"27-11-2023","2.946","2.924","2.956","2.867","164.41K","-1.77%"
"24-11-2023","2.999","3.035","3.095","2.933","118.87K","2.35%"
"23-11-2023","2.930","2.880","2.938","2.861","","-3.40%"
"22-11-2023","3.033","2.994","3.055","2.961","139.53K","1.34%"
"21-11-2023","2.993","3.047","3.084","2.986","131.77K","-1.87%"
"20-11-2023","3.050","3.115","3.134","3.040","121.19K","-2.59%"
"17-11-2023","3.131","3.227","3.275","3.068","146.65K","-3.33%"
"16-11-2023","3.239","3.326","3.407","3.188","166.40K","-3.66%"
"15-11-2023","3.362","3.316","3.448","3.269","109.45K","1.39%"
"14-11-2023","3.316","3.435","3.465","3.297","102.15K","-2.47%"
"13-11-2023","3.400","3.313","3.438","3.311","127.12K","3.53%"
"10-11-2023","3.284","3.327","3.343","3.273","87.04K","-1.47%"
"09-11-2023","3.333","3.400","3.426","3.299","111.08K","-1.65%"
"08-11-2023","3.389","3.496","3.514","3.345","131.59K","-2.14%"
"07-11-2023","3.463","3.566","3.593","3.458","124.13K","-2.83%"
"06-11-2023","3.564","3.660","3.693","3.556","105.29K","-6.09%"
"03-11-2023","3.795","3.794","3.856","3.738","53.25K","1.20%"
"02-11-2023","3.750","3.763","3.799","3.673","67.46K","-0.08%"
"01-11-2023","3.753","3.840","3.841","3.684","77.52K","-1.57%"
"31-10-2023","3.813","3.567","3.865","3.558","150.58K","6.24%"
"30-10-2023","3.589","3.639","3.647","3.563","56.27K","3.04%"
"27-10-2023","3.483","3.511","3.643","3.435","140.96K","0.17%"
"26-10-2023","3.477","3.399","3.544","3.363","190.45K","2.99%"
"25-10-2023","3.376","3.331","3.406","3.317","96.49K","1.63%"
"24-10-2023","3.322","3.278","3.349","3.253","114.03K","1.50%"
"23-10-2023","3.273","3.250","3.297","3.216","100.09K","0.46%"
"20-10-2023","3.258","3.324","3.329","3.247","123.46K","-2.04%"
"19-10-2023","3.326","3.485","3.498","3.317","100.08K","-3.96%"
"18-10-2023","3.463","3.450","3.542","3.441","80.98K","-0.14%"
"17-10-2023","3.468","3.481","3.512","3.408","78.13K","-0.32%"
"16-10-2023","3.479","3.539","3.539","3.438","99.21K","-2.93%"
"13-10-2023","3.584","3.636","3.639","3.535","75.91K","-1.51%"
"12-10-2023","3.639","3.659","3.699","3.582","69.22K","-0.52%"
"11-10-2023","3.658","3.679","3.725","3.525","92.68K","-0.03%"
"10-10-2023","3.659","3.642","3.695","3.603","76.43K","0.77%"
"09-10-2023","3.631","3.657","3.756","3.595","84.31K","-0.27%"
"06-10-2023","3.641","3.537","3.659","3.521","106.07K","3.70%"
"05-10-2023","3.511","3.334","3.547","3.324","76.34K","5.75%"
"04-10-2023","3.320","3.307","3.396","3.303","56.63K","0.21%"
"03-10-2023","3.313","3.237","3.327","3.216","41.76K","2.47%"
"02-10-2023","3.233","3.326","3.333","3.224","45.62K","-2.39%"
"29-09-2023","3.312","3.343","3.382","3.255","38.96K","-0.84%"
"28-09-2023","3.340","3.290","3.356","3.269","39.84K","15.21%"
"27-09-2023","2.899","2.858","2.947","2.850","136.01K","1.90%"
"26-09-2023","2.845","2.904","2.906","2.796","167.23K","-2.10%"
"25-09-2023","2.906","2.889","2.937","2.862","105.42K","0.94%"
"22-09-2023","2.879","2.844","2.912","2.834","105.57K","1.37%"
"21-09-2023","2.840","2.925","2.963","2.832","123.55K","-2.77%"
"20-09-2023","2.921","3.009","3.016","2.901","145.73K","-3.47%"
"19-09-2023","3.026","2.994","3.072","2.975","128.38K","0.83%"
"18-09-2023","3.001","2.918","3.009","2.878","115.14K","2.35%"
"15-09-2023","2.932","2.987","2.997","2.927","87.64K","-1.71%"
"14-09-2023","2.983","3.005","3.088","2.975","112.57K","-0.13%"
"13-09-2023","2.987","3.019","3.042","2.953","132.25K","-0.93%"
"12-09-2023","3.015","2.949","3.061","2.930","135.12K","2.66%"
"11-09-2023","2.937","2.971","2.973","2.909","79.98K","-0.98%"
"08-09-2023","2.966","2.946","3.025","2.942","68.75K","0.27%"
"07-09-2023","2.958","2.945","3.004","2.901","73.22K","0.51%"
"06-09-2023","2.943","2.994","3.018","2.920","55.16K","-1.60%"
"05-09-2023","2.991","3.050","3.075","2.976","72.21K","13.00%"
"04-09-2023","2.647","2.671","2.708","2.642","","-0.90%"
"03-09-2023","2.671","2.692","2.694","2.652","","-14.14%"
"01-09-2023","3.111","3.136","3.213","3.096","55.19K","-1.14%"
"31-08-2023","3.147","3.191","3.242","3.117","68.87K","-1.07%"
"30-08-2023","3.181","3.083","3.196","3.039","60.75K","19.50%"
"29-08-2023","2.662","2.685","2.699","2.622","145.38K","-0.11%"
"28-08-2023","2.665","2.740","2.829","2.653","189.03K","0.30%"
"25-08-2023","2.657","2.631","2.679","2.585","99.62K","0.80%"
"24-08-2023","2.636","2.583","2.680","2.529","153.98K","1.70%"
"23-08-2023","2.592","2.654","2.673","2.570","113.80K","-2.26%"
"22-08-2023","2.652","2.732","2.737","2.632","101.07K","-3.32%"
"21-08-2023","2.743","2.710","2.797","2.685","81.30K","1.93%"
"18-08-2023","2.691","2.763","2.774","2.663","92.12K","-2.32%"
"17-08-2023","2.755","2.742","2.795","2.715","77.88K","1.06%"
"16-08-2023","2.726","2.780","2.797","2.705","95.06K","-1.98%"
"15-08-2023","2.781","2.913","2.961","2.765","106.34K","-4.04%"
"14-08-2023","2.898","2.897","2.932","2.851","64.16K","0.56%"
"11-08-2023","2.882","2.890","2.939","2.817","82.58K","0.42%"
"10-08-2023","2.870","3.062","3.089","2.857","102.46K","-5.99%"
"09-08-2023","3.053","2.883","3.096","2.855","138.90K","6.60%"
"08-08-2023","2.864","2.828","2.886","2.783","73.72K","1.81%"
"07-08-2023","2.813","2.681","2.844","2.674","81.54K","4.92%"
"04-08-2023","2.681","2.658","2.720","2.635","38.24K","0.41%"
"03-08-2023","2.670","2.592","2.685","2.580","46.83K","3.25%"
"02-08-2023","2.586","2.689","2.690","2.570","51.00K","-3.22%"
"01-08-2023","2.672","2.747","2.778","2.644","46.74K","-2.52%"
"31-07-2023","2.741","2.768","2.804","2.720","40.53K","-0.44%"
"28-07-2023","2.753","2.717","2.801","2.682","44.86K","6.09%"
"27-07-2023","2.595","2.684","2.691","2.551","166.76K","-3.64%"
"26-07-2023","2.693","2.734","2.759","2.650","139.07K","-1.97%"
"25-07-2023","2.747","2.707","2.771","2.672","146.12K","2.19%"
"24-07-2023","2.688","2.713","2.762","2.661","109.32K","-0.70%"
"21-07-2023","2.707","2.718","2.759","2.684","103.19K","-0.88%"
"20-07-2023","2.731","2.611","2.759","2.599","147.71K","5.65%"
"19-07-2023","2.585","2.612","2.642","2.570","81.16K","-1.26%"
"18-07-2023","2.618","2.529","2.634","2.522","101.52K","4.55%"
"17-07-2023","2.504","2.541","2.569","2.477","90.91K","-1.03%"
"14-07-2023","2.530","2.545","2.592","2.487","115.68K","-0.16%"
"13-07-2023","2.534","2.622","2.631","2.528","120.19K","-2.43%"
"12-07-2023","2.597","2.697","2.712","2.586","99.29K","-3.53%"
"11-07-2023","2.692","2.639","2.716","2.606","81.34K","1.93%"
"10-07-2023","2.641","2.566","2.671","2.562","72.91K","2.76%"
"07-07-2023","2.570","2.623","2.665","2.526","46.47K","-1.12%"
"06-07-2023","2.599","2.637","2.678","2.579","53.43K","-1.66%"
"05-07-2023","2.643","2.694","2.780","2.630","57.57K","-3.93%"
"04-07-2023","2.751","2.689","2.758","2.662","","1.81%"
"03-07-2023","2.702","2.710","2.728","2.661","42.57K","-2.60%"
"30-06-2023","2.774","2.664","2.801","2.629","67.45K","3.08%"
"29-06-2023","2.691","2.642","2.734","2.607","64.21K","0.86%"
"28-06-2023","2.668","2.807","2.878","2.647","137.91K","-4.34%"
"27-06-2023","2.789","2.881","2.895","2.759","167.92K","-3.56%"
"26-06-2023","2.892","2.878","2.936","2.828","153.70K","1.72%"
"23-06-2023","2.843","2.707","2.852","2.611","142.28K","5.14%"
"22-06-2023","2.704","2.675","2.714","2.612","93.24K","1.01%"
"21-06-2023","2.677","2.563","2.684","2.527","96.97K","4.16%"
"20-06-2023","2.570","2.720","2.783","2.562","135.94K","-2.76%"
"19-06-2023","2.643","2.604","2.683","2.569","","1.58%"
"18-06-2023","2.602","2.613","2.623","2.598","","-4.37%"
"16-06-2023","2.721","2.627","2.733","2.594","109.35K","4.29%"
"15-06-2023","2.609","2.424","2.639","2.394","143.19K","8.12%"
"14-06-2023","2.413","2.403","2.455","2.368","81.11K","0.25%"
"13-06-2023","2.407","2.352","2.433","2.344","75.35K","3.04%"
"12-06-2023","2.336","2.380","2.401","2.282","71.02K","0.21%"
"09-06-2023","2.331","2.402","2.415","2.325","69.63K","-4.23%"
"08-06-2023","2.434","2.431","2.469","2.368","79.73K","0.04%"
"07-06-2023","2.433","2.381","2.456","2.369","63.56K","2.18%"
"06-06-2023","2.381","2.391","2.408","2.294","54.08K","0.63%"
"05-06-2023","2.366","2.309","2.435","2.300","50.31K","2.91%"
"02-06-2023","2.299","2.280","2.355","2.258","53.82K","1.14%"
"01-06-2023","2.273","2.349","2.374","2.244","71.61K","-3.60%"
"31-05-2023","2.358","2.395","2.492","2.340","43.88K","-2.40%"
"30-05-2023","2.416","2.502","2.534","2.350","44.29K","2.85%"
"29-05-2023","2.349","2.434","2.447","2.338","","-3.53%"
"28-05-2023","2.435","2.418","2.441","2.417","","0.74%"
"26-05-2023","2.417","2.463","2.479","2.381","140.56K","-2.38%"
"25-05-2023","2.476","2.572","2.607","2.429","167.61K","-3.51%"
"24-05-2023","2.566","2.514","2.575","2.495","111.04K","3.09%"
"23-05-2023","2.489","2.550","2.568","2.484","119.57K","-2.43%"
"22-05-2023","2.551","2.697","2.707","2.512","137.18K","-5.76%"
"19-05-2023","2.707","2.735","2.816","2.682","151.50K","-0.29%"
"18-05-2023","2.715","2.519","2.755","2.488","157.18K","8.21%"
"17-05-2023","2.509","2.524","2.586","2.471","99.22K","-0.99%"
"16-05-2023","2.534","2.533","2.630","2.506","95.02K","-0.31%"
"15-05-2023","2.542","2.445","2.550","2.417","111.08K","4.27%"
"12-05-2023","2.438","2.342","2.495","2.310","131.02K","3.97%"
"11-05-2023","2.345","2.331","2.389","2.310","89.13K","0.39%"
"10-05-2023","2.336","2.415","2.415","2.315","108.74K","-3.75%"
"09-05-2023","2.427","2.416","2.463","2.360","94.18K","0.62%"
"08-05-2023","2.412","2.329","2.424","2.320","91.22K","3.92%"
"05-05-2023","2.321","2.281","2.349","2.233","76.70K","1.04%"
"04-05-2023","2.297","2.347","2.374","2.275","62.91K","-2.67%"
"03-05-2023","2.360","2.428","2.443","2.312","71.92K","-2.36%"
"02-05-2023","2.417","2.501","2.524","2.389","66.07K","-3.24%"
"01-05-2023","2.498","2.568","2.582","2.473","56.18K","-3.10%"
"28-04-2023","2.578","2.538","2.700","2.484","81.15K","1.18%"
"27-04-2023","2.548","2.510","2.567","2.465","54.02K","10.54%"
"26-04-2023","2.305","2.385","2.413","2.274","149.63K","-5.42%"
"25-04-2023","2.437","2.466","2.468","2.368","135.04K","-1.38%"
"24-04-2023","2.471","2.395","2.484","2.364","117.96K","2.62%"
"21-04-2023","2.408","2.374","2.448","2.350","84.07K","-0.78%"
"20-04-2023","2.427","2.361","2.436","2.316","91.51K","1.34%"
"19-04-2023","2.395","2.526","2.543","2.356","97.93K","-4.85%"
"18-04-2023","2.517","2.446","2.533","2.396","76.04K","2.99%"
"17-04-2023","2.444","2.326","2.458","2.326","103.18K","6.03%"
"14-04-2023","2.305","2.209","2.316","2.143","96.78K","4.92%"
"13-04-2023","2.197","2.257","2.302","2.184","94.26K","-3.09%"
"12-04-2023","2.267","2.373","2.384","2.241","113.79K","-3.57%"
"11-04-2023","2.351","2.372","2.420","2.306","92.12K","-0.42%"
"10-04-2023","2.361","2.240","2.419","2.240","91.61K","5.50%"
"06-04-2023","2.238","2.375","2.400","2.220","51.99K","-6.01%"
"05-04-2023","2.381","2.332","2.421","2.300","35.43K","1.58%"
"04-04-2023","2.344","2.348","2.385","2.310","40.30K","0.47%"
"03-04-2023","2.333","2.345","2.398","2.280","49.01K","-5.35%"
"31-03-2023","2.465","2.352","2.488","2.321","43.80K","4.54%"
"30-03-2023","2.358","2.455","2.455","2.336","37.26K","7.97%"
"29-03-2023","2.184","2.161","2.225","2.103","155.18K","1.72%"
"28-03-2023","2.147","2.221","2.260","2.142","156.20K","-3.07%"
"27-03-2023","2.215","2.288","2.299","2.184","143.18K","-6.18%"
"24-03-2023","2.361","2.277","2.382","2.267","122.74K","3.42%"
"23-03-2023","2.283","2.354","2.383","2.263","106.54K","-1.04%"
"22-03-2023","2.307","2.456","2.462","2.287","133.98K","-7.16%"
"21-03-2023","2.485","2.339","2.493","2.240","151.46K","6.61%"
"20-03-2023","2.331","2.460","2.521","2.324","101.86K","-4.70%"
"17-03-2023","2.446","2.638","2.639","2.436","101.40K","-6.85%"
"16-03-2023","2.626","2.590","2.657","2.527","93.85K","3.14%"
"15-03-2023","2.546","2.696","2.710","2.499","117.57K","-5.35%"
"14-03-2023","2.690","2.740","2.789","2.650","75.91K","-1.32%"
"13-03-2023","2.726","2.566","2.751","2.514","112.03K","6.53%"
"10-03-2023","2.559","2.629","2.691","2.554","80.58K","-4.62%"
"09-03-2023","2.683","2.754","2.797","2.614","88.69K","-1.11%"
"08-03-2023","2.713","2.821","2.850","2.687","91.28K","-4.47%"
"07-03-2023","2.840","2.769","2.850","2.673","95.46K","4.03%"
"06-03-2023","2.730","2.954","2.954","2.688","132.81K","-13.09%"
"03-03-2023","3.141","2.916","3.156","2.904","97.38K","8.35%"
"02-03-2023","2.899","2.938","2.994","2.848","61.85K","-1.50%"
"01-03-2023","2.943","2.884","2.969","2.788","89.85K","2.79%"
"28-02-2023","2.863","2.842","2.898","2.701","97.49K","0.35%"
"27-02-2023","2.853","2.811","2.863","2.700","95.21K","11.97%"
"24-02-2023","2.548","2.464","2.587","2.415","168.13K","4.77%"
"23-02-2023","2.432","2.295","2.488","2.235","207.38K","5.83%"
"22-02-2023","2.298","2.188","2.422","2.113","207.99K","5.56%"
"21-02-2023","2.177","2.306","2.373","2.162","175.52K","-6.33%"
"20-02-2023","2.324","2.304","2.373","2.271","","0.82%"
"19-02-2023","2.305","2.303","2.306","2.284","","-2.00%"
"17-02-2023","2.352","2.485","2.521","2.304","132.58K","-5.35%"
"16-02-2023","2.485","2.554","2.635","2.455","101.08K","-2.74%"
"15-02-2023","2.555","2.686","2.693","2.531","106.90K","-3.66%"
"14-02-2023","2.652","2.522","2.700","2.518","120.08K","6.12%"
"13-02-2023","2.499","2.663","2.689","2.473","144.73K","-4.14%"
"10-02-2023","2.607","2.513","2.670","2.475","135.22K","4.61%"
"09-02-2023","2.492","2.497","2.578","2.441","112.91K","0.61%"
"08-02-2023","2.477","2.667","2.734","2.450","93.35K","-7.02%"
"07-02-2023","2.664","2.569","2.690","2.500","119.36K","5.09%"
"06-02-2023","2.535","2.495","2.570","2.447","64.96K","2.22%"
"03-02-2023","2.480","2.525","2.585","2.416","63.36K","-1.67%"
"02-02-2023","2.522","2.579","2.652","2.502","70.79K","-0.55%"
"01-02-2023","2.536","2.789","2.836","2.532","88.09K","-7.48%"
"31-01-2023","2.741","2.738","2.809","2.668","80.03K","0.37%"
"30-01-2023","2.731","2.750","2.807","2.661","61.80K","-4.14%"
"27-01-2023","2.849","2.853","2.908","2.747","128.69K","0.04%"
"26-01-2023","2.848","2.873","2.891","2.680","222.21K","-2.30%"
"25-01-2023","2.915","3.065","3.078","2.860","152.92K","-4.65%"
"24-01-2023","3.057","3.228","3.300","3.031","133.73K","-5.12%"
"23-01-2023","3.222","3.216","3.243","2.992","139.30K","6.13%"
"20-01-2023","3.036","3.076","3.191","2.985","85.86K","-2.82%"
"19-01-2023","3.124","3.100","3.198","3.056","77.46K","0.42%"
"18-01-2023","3.111","3.294","3.332","3.087","85.81K","-4.37%"
"17-01-2023","3.253","3.283","3.440","3.237","97.11K","-11.48%"
"16-01-2023","3.675","3.601","3.696","3.524","","2.05%"
"15-01-2023","3.601","3.591","3.615","3.554","","12.67%"
"13-01-2023","3.196","3.356","3.392","3.169","83.11K","-4.74%"
"12-01-2023","3.355","3.396","3.556","3.309","79.52K","0.27%"
"11-01-2023","3.346","3.289","3.420","3.137","93.60K","0.97%"
"10-01-2023","3.314","3.541","3.549","3.261","74.99K","-6.99%"
"09-01-2023","3.563","3.476","3.714","3.449","95.69K","5.04%"
"06-01-2023","3.392","3.462","3.495","3.283","67.70K","-0.99%"
"05-01-2023","3.426","3.776","3.789","3.414","70.02K","-9.37%"
"04-01-2023","3.780","3.658","3.810","3.595","56.71K","3.82%"
"03-01-2023","3.641","4.005","4.005","3.620","66.04K","-12.12%"
"02-01-2023","4.143","4.222","4.222","4.072","","0.95%"
"30-12-2022","4.104","4.147","4.167","4.015","37.81K","-0.32%"
"29-12-2022","4.117","4.269","4.279","4.020","40.40K","-12.12%"
"28-12-2022","4.685","5.080","5.083","4.462","115.02K","-8.46%"
"27-12-2022","5.118","5.190","5.245","4.990","85.03K","-0.51%"
"26-12-2022","5.144","5.179","5.188","5.037","","3.29%"
"23-12-2022","4.980","5.014","5.139","4.779","87.38K","1.06%"
"22-12-2022","4.928","5.356","5.526","4.905","82.27K","-5.92%"
"21-12-2022","5.238","5.232","5.481","5.175","55.52K","0.42%"
"20-12-2022","5.216","5.678","5.765","5.167","77.84K","-8.65%"
"19-12-2022","5.710","5.935","6.085","5.634","65.66K","-9.41%"
"16-12-2022","6.303","6.539","6.546","5.960","48.45K","-4.34%"
"15-12-2022","6.589","6.174","6.646","6.163","63.69K","5.93%"
"14-12-2022","6.220","6.760","6.764","6.138","52.19K","-7.62%"
"13-12-2022","6.733","6.341","6.871","6.337","55.83K","4.94%"
"12-12-2022","6.416","6.687","6.807","6.320","62.49K","5.49%"
"09-12-2022","6.082","5.792","6.192","5.680","48.19K","4.50%"
"08-12-2022","5.820","5.707","6.007","5.649","49.95K","3.61%"
"07-12-2022","5.617","5.300","5.719","5.298","67.44K","4.44%"
"06-12-2022","5.378","5.542","5.587","5.256","42.69K","-1.93%"
"05-12-2022","5.484","5.850","5.949","5.468","48.48K","-11.10%"
"02-12-2022","6.169","6.714","6.729","6.109","29.96K","-6.97%"
"01-12-2022","6.631","6.839","7.075","6.600","28.55K","-2.74%"
"30-11-2022","6.818","7.100","7.159","6.700","42.66K","-3.75%"
"29-11-2022","7.084","7.120","7.249","6.944","38.40K","-1.56%"
"28-11-2022","7.196","7.301","7.386","6.929","105.91K","-1.83%"
"25-11-2022","7.330","7.727","7.804","7.201","97.87K","2.13%"
"24-11-2022","7.177","7.307","7.404","7.100","","-6.89%"
"23-11-2022","7.708","7.525","8.177","7.505","154.60K","4.08%"
"22-11-2022","7.406","7.183","7.550","6.899","107.98K","2.53%"
"21-11-2022","7.223","6.796","7.273","6.571","84.47K","7.55%"
"18-11-2022","6.716","6.758","6.831","6.425","58.64K","-0.42%"
"17-11-2022","6.744","6.612","6.912","6.554","72.24K","2.07%"
"16-11-2022","6.607","6.503","6.637","6.132","68.55K","3.32%"
"15-11-2022","6.395","6.434","6.531","6.190","42.66K","1.52%"
"14-11-2022","6.299","6.491","6.742","6.260","55.52K","0.57%"
"11-11-2022","6.263","6.540","6.864","6.172","60.95K","-5.29%"
"10-11-2022","6.613","6.299","6.637","6.143","57.65K","6.23%"
"09-11-2022","6.225","6.596","6.745","6.131","84.86K","-4.58%"
"08-11-2022","6.524","7.024","7.162","6.454","89.02K","-9.94%"
"07-11-2022","7.244","7.268","7.501","6.921","92.52K","7.25%"
"04-11-2022","6.754","6.298","6.873","6.267","51.46K","6.70%"
"03-11-2022","6.330","6.522","6.543","6.230","37.80K","-3.93%"
"02-11-2022","6.589","6.179","6.620","6.160","42.31K","8.37%"
"01-11-2022","6.080","6.561","6.565","6.011","67.23K","-7.98%"
"31-10-2022","6.607","6.092","6.617","6.086","64.95K","10.99%"
"28-10-2022","5.953","6.114","6.153","5.824","35.77K","1.33%"
"27-10-2022","5.875","6.190","6.198","5.710","118.81K","-3.99%"
"26-10-2022","6.119","6.259","6.265","5.828","125.69K","-0.76%"
"25-10-2022","6.166","5.739","6.281","5.727","112.87K","7.18%"
"24-10-2022","5.753","5.464","5.844","5.345","87.25K","5.14%"
"21-10-2022","5.472","5.784","5.851","5.393","82.76K","-6.27%"
"20-10-2022","5.838","5.908","6.044","5.738","64.63K","-1.52%"
"19-10-2022","5.928","6.175","6.271","5.893","55.18K","-4.95%"
"18-10-2022","6.237","6.474","6.531","6.150","53.28K","-3.74%"
"17-10-2022","6.479","6.680","6.737","6.382","70.12K","-5.10%"
"14-10-2022","6.827","6.989","7.051","6.772","54.80K","-3.20%"
"13-10-2022","7.053","6.795","7.084","6.672","61.88K","4.24%"
"12-10-2022","6.766","6.945","7.127","6.728","50.20K","-2.34%"
"11-10-2022","6.928","6.891","6.991","6.723","44.66K","2.12%"
"10-10-2022","6.784","6.936","7.205","6.759","51.33K","-3.73%"
"07-10-2022","7.047","7.140","7.226","6.911","45.82K","-2.69%"
"06-10-2022","7.242","7.225","7.436","7.145","40.55K","0.08%"
"05-10-2022","7.236","7.152","7.352","6.984","23.97K","0.86%"
"04-10-2022","7.174","6.860","7.239","6.660","42.93K","5.45%"
"03-10-2022","6.803","7.111","7.111","6.626","35.21K","-3.71%"
"30-09-2022","7.065","7.144","7.322","6.990","36.28K","-1.08%"
"29-09-2022","7.142","7.271","7.370","6.865","23.25K","2.69%"
"28-09-2022","6.955","6.775","7.041","6.562","98.40K","2.88%"
"27-09-2022","6.760","7.055","7.240","6.740","130.92K","-3.62%"
"26-09-2022","7.014","7.017","7.126","6.692","81.08K","0.31%"
"23-09-2022","6.992","7.274","7.374","6.867","123.60K","-2.79%"
"22-09-2022","7.193","7.800","7.825","7.168","94.31K","-8.10%"
"21-09-2022","7.827","7.792","8.179","7.609","60.25K","0.71%"
"20-09-2022","7.772","7.929","8.037","7.703","42.91K","-0.41%"
"19-09-2022","7.804","7.751","7.961","7.455","46.34K","-0.09%"
"16-09-2022","7.811","8.349","8.367","7.766","54.36K","-6.70%"
"15-09-2022","8.372","9.134","9.159","8.260","63.98K","-8.67%"
"14-09-2022","9.167","8.414","9.292","8.376","73.71K","10.00%"
"13-09-2022","8.334","8.434","8.501","8.211","52.48K","0.57%"
"12-09-2022","8.287","8.121","8.447","7.911","61.49K","3.02%"
"09-09-2022","8.044","8.018","8.255","7.946","50.67K","0.92%"
"08-09-2022","7.971","7.900","8.120","7.834","61.12K","0.89%"
"07-09-2022","7.901","8.118","8.355","7.828","47.90K","-3.79%"
"06-09-2022","8.212","9.058","9.176","7.900","59.72K","-5.76%"
"05-09-2022","8.714","8.980","8.995","8.710","","-2.95%"
"04-09-2022","8.979","9.086","9.096","8.946","","1.46%"
"02-09-2022","8.850","9.259","9.310","8.692","35.02K","-5.14%"
"01-09-2022","9.330","9.194","9.454","9.074","42.44K","1.53%"
"31-08-2022","9.189","9.141","9.341","8.879","27.11K","0.94%"
"30-08-2022","9.103","9.318","9.365","8.933","27.72K","-2.50%"
"29-08-2022","9.336","9.605","9.711","8.980","89.28K","0.72%"
"26-08-2022","9.269","9.336","9.640","9.160","83.80K","-0.80%"
"25-08-2022","9.344","9.197","9.392","9.147","56.51K","0.47%"
"24-08-2022","9.300","9.196","9.408","9.063","72.19K","1.58%"
"23-08-2022","9.155","9.780","9.987","9.021","86.53K","-5.10%"
"22-08-2022","9.647","9.159","9.950","9.143","60.48K","3.56%"
"19-08-2022","9.315","9.153","9.370","8.860","41.66K","1.58%"
"18-08-2022","9.170","9.159","9.640","8.862","55.45K","-0.63%"
"17-08-2022","9.228","9.346","9.650","9.100","45.92K","-0.89%"
"16-08-2022","9.311","8.798","9.390","8.773","53.22K","6.88%"
"15-08-2022","8.712","8.668","8.912","8.383","30.13K","-0.37%"
"12-08-2022","8.744","8.706","8.900","8.510","34.10K","-1.34%"
"11-08-2022","8.863","8.210","8.979","8.171","67.20K","8.18%"
"10-08-2022","8.193","7.848","8.254","7.703","45.99K","4.70%"
"09-08-2022","7.825","7.670","7.880","7.618","40.53K","3.26%"
"08-08-2022","7.578","7.850","7.909","7.536","49.58K","-5.88%"
"05-08-2022","8.051","8.142","8.229","7.894","55.05K","-0.78%"
"04-08-2022","8.114","8.279","8.432","7.800","28.70K","-1.79%"
"03-08-2022","8.262","7.666","8.460","7.557","41.58K","7.33%"
"02-08-2022","7.698","8.180","8.196","7.618","36.47K","-6.80%"
"01-08-2022","8.260","7.894","8.276","7.735","34.29K","0.63%"
"29-07-2022","8.208","8.160","8.356","7.995","25.60K","1.11%"
"28-07-2022","8.118","8.600","8.800","8.095","27.79K","-5.10%"
"27-07-2022","8.554","8.701","8.990","8.345","105.22K","-3.07%"
"26-07-2022","8.825","8.667","9.419","8.568","146.56K","2.96%"
"25-07-2022","8.571","8.273","8.704","8.202","79.05K","4.59%"
"22-07-2022","8.195","7.780","8.293","7.652","86.58K","4.86%"
"21-07-2022","7.815","7.769","8.045","7.485","84.55K","-1.06%"
"20-07-2022","7.899","7.200","7.925","7.057","75.27K","10.48%"
"19-07-2022","7.150","7.329","7.453","7.017","58.01K","-3.14%"
"18-07-2022","7.382","7.021","7.460","6.987","52.89K","6.58%"
"15-07-2022","6.926","6.584","7.047","6.351","49.32K","6.37%"
"14-07-2022","6.511","6.544","6.806","6.461","69.08K","-1.18%"
"13-07-2022","6.589","6.125","6.683","6.058","67.36K","9.43%"
"12-07-2022","6.021","6.395","6.647","5.895","73.23K","-4.72%"
"11-07-2022","6.319","6.314","6.590","6.160","70.94K","5.90%"
"08-07-2022","5.967","6.180","6.263","5.948","61.70K","-4.71%"
"07-07-2022","6.262","5.508","6.338","5.464","47.17K","14.23%"
"06-07-2022","5.482","5.430","5.699","5.349","28.36K","-0.09%"
"05-07-2022","5.487","5.679","5.883","5.324","44.02K","-6.25%"
"04-07-2022","5.853","5.712","5.905","5.606","","2.52%"
"03-07-2022","5.709","5.701","5.734","5.678","","-0.05%"
"01-07-2022","5.712","5.599","5.909","5.557","49.27K","5.93%"
"30-06-2022","5.392","6.425","6.575","5.327","74.70K","-16.96%"
"29-06-2022","6.493","6.609","6.812","6.401","34.69K","-1.17%"
"28-06-2022","6.570","6.468","6.738","6.417","90.79K","0.37%"
"27-06-2022","6.546","6.188","6.597","6.065","101.37K","4.22%"
"24-06-2022","6.281","6.260","6.407","6.062","84.61K","-0.03%"
"23-06-2022","6.283","6.829","6.854","6.237","112.23K","-8.57%"
"22-06-2022","6.872","6.816","6.950","6.554","54.83K","1.31%"
"21-06-2022","6.783","6.790","6.948","6.531","67.30K","1.04%"
"20-06-2022","6.713","6.706","6.840","6.635","","0.16%"
"19-06-2022","6.702","6.752","6.758","6.659","","-2.95%"
"17-06-2022","6.906","7.422","7.566","6.852","56.89K","-7.15%"
"16-06-2022","7.438","7.467","7.981","7.305","55.12K","0.43%"
"15-06-2022","7.406","7.259","7.681","7.205","53.88K","3.15%"
"14-06-2022","7.180","8.688","8.885","7.010","137.51K","-16.70%"
"13-06-2022","8.619","8.888","8.968","8.388","71.30K","-2.80%"
"10-06-2022","8.867","9.011","9.161","8.635","61.07K","-1.24%"
"09-06-2022","8.978","8.612","9.041","8.022","104.72K","3.45%"
"08-06-2022","8.679","9.347","9.645","8.447","116.44K","-6.46%"
"07-06-2022","9.278","9.365","9.514","9.187","68.45K","-0.30%"
"06-06-2022","9.306","8.696","9.383","8.696","32.88K","9.35%"
"03-06-2022","8.510","8.406","8.677","8.257","22.80K","0.42%"
"02-06-2022","8.474","8.751","9.040","8.370","29.36K","-2.44%"
"01-06-2022","8.686","8.250","8.779","8.143","29.20K","6.73%"
"31-05-2022","8.138","8.870","8.897","8.111","34.63K","-6.31%"
"30-05-2022","8.686","8.819","8.908","8.598","","-1.46%"
"29-05-2022","8.815","8.829","8.841","8.701","","1.18%"
"27-05-2022","8.712","8.797","8.875","8.275","22.81K","-2.06%"
"26-05-2022","8.895","8.978","9.447","8.626","163.27K","-1.09%"
"25-05-2022","8.993","8.876","9.437","8.798","132.24K","1.78%"
"24-05-2022","8.836","8.819","9.014","8.683","89.42K","0.10%"
"23-05-2022","8.827","8.188","8.906","7.950","87.27K","7.94%"
"20-05-2022","8.178","8.192","8.285","7.943","49.77K","-2.64%"
"19-05-2022","8.400","8.348","8.591","8.000","69.13K","-0.65%"
"18-05-2022","8.455","8.410","8.640","8.253","44.44K","0.73%"
"17-05-2022","8.394","8.112","8.457","8.112","40.67K","4.23%"
"16-05-2022","8.053","7.826","8.276","7.765","56.71K","3.71%"
"13-05-2022","7.765","7.776","8.022","7.618","57.74K","-0.89%"
"12-05-2022","7.835","7.749","7.884","7.348","62.46K","1.40%"
"11-05-2022","7.727","7.395","7.803","7.385","62.46K","3.48%"
"10-05-2022","7.467","7.108","7.543","6.521","90.33K","5.08%"
"09-05-2022","7.106","7.945","8.370","7.045","120.27K","-12.57%"
"06-05-2022","8.128","8.896","9.052","8.039","81.13K","-8.06%"
"05-05-2022","8.841","8.457","8.965","8.178","49.02K","4.36%"
"04-05-2022","8.472","7.899","8.542","7.815","53.02K","5.57%"
"03-05-2022","8.025","7.656","8.250","7.643","83.05K","6.07%"
"02-05-2022","7.566","7.511","7.701","7.331","73.58K","2.87%"
"29-04-2022","7.355","7.044","7.447","6.919","52.95K","5.16%"
"28-04-2022","6.994","7.494","7.517","6.985","68.51K","-4.70%"
"27-04-2022","7.339","7.009","7.524","6.956","155.33K","5.17%"
"26-04-2022","6.978","6.963","7.175","6.790","135.73K","2.54%"
"25-04-2022","6.805","6.517","7.112","6.471","114.27K","2.13%"
"22-04-2022","6.663","7.076","7.214","6.560","95.25K","-6.10%"
"21-04-2022","7.096","6.954","7.274","6.832","76.73K","0.44%"
"20-04-2022","7.065","7.369","7.496","6.894","78.26K","-2.91%"
"19-04-2022","7.277","7.908","8.075","7.052","98.50K","-8.56%"
"18-04-2022","7.958","7.490","8.197","7.488","94.94K","7.21%"
"14-04-2022","7.423","7.140","7.465","7.064","85.25K","4.61%"
"13-04-2022","7.096","6.791","7.193","6.735","74.25K","4.92%"
"12-04-2022","6.763","6.784","7.025","6.680","76.04K","0.59%"
"11-04-2022","6.723","6.458","6.800","6.327","56.92K","5.77%"
"08-04-2022","6.356","6.484","6.615","6.338","60.00K","-1.24%"
"07-04-2022","6.436","6.189","6.517","6.080","62.49K","5.39%"
"06-04-2022","6.107","6.175","6.469","6.080","56.57K","-0.02%"
"05-04-2022","6.108","5.864","6.277","5.847","53.63K","5.44%"
"04-04-2022","5.793","5.813","5.928","5.728","60.08K","-0.03%"
"01-04-2022","5.795","5.694","5.850","5.575","54.25K","1.65%"
"31-03-2022","5.701","5.631","5.887","5.516","47.66K","0.76%"
"30-03-2022","5.658","5.364","5.677","5.326","39.61K","6.15%"
"29-03-2022","5.330","5.500","5.527","5.316","111.30K","-3.76%"
"28-03-2022","5.538","5.595","5.707","5.452","105.61K","-1.30%"
"25-03-2022","5.611","5.469","5.617","5.386","84.02K","3.03%"
"24-03-2022","5.446","5.158","5.508","5.114","99.25K","3.26%"
"23-03-2022","5.274","5.184","5.364","5.135","63.05K","0.90%"
"22-03-2022","5.227","4.983","5.244","4.907","86.52K","5.94%"
"21-03-2022","4.934","4.927","5.008","4.791","46.28K","0.65%"
"18-03-2022","4.902","4.969","4.989","4.849","46.84K","-2.37%"
"17-03-2022","5.021","4.805","5.031","4.724","60.97K","4.95%"
"16-03-2022","4.784","4.685","4.812","4.645","58.60K","3.62%"
"15-03-2022","4.617","4.722","4.722","4.509","55.85K","-1.81%"
"14-03-2022","4.702","4.749","4.797","4.555","40.01K","-1.34%"
"11-03-2022","4.766","4.696","4.837","4.666","51.22K","2.08%"
"10-03-2022","4.669","4.561","4.707","4.538","54.15K","2.37%"
"09-03-2022","4.561","4.615","4.664","4.488","52.78K","-0.04%"
"08-03-2022","4.563","4.848","4.909","4.541","87.82K","-6.07%"
"07-03-2022","4.858","5.057","5.199","4.809","71.58K","-3.53%"
"04-03-2022","5.036","4.763","5.060","4.758","59.64K","6.33%"
"03-03-2022","4.736","4.813","4.949","4.653","86.53K","-1.07%"
"02-03-2022","4.787","4.631","4.928","4.630","80.45K","4.11%"
"01-03-2022","4.598","4.425","4.649","4.361","61.82K","4.03%"
"28-02-2022","4.420","4.630","4.700","4.392","51.67K","-1.45%"
"25-02-2022","4.485","4.591","4.724","4.435","48.17K","-3.36%"
"24-02-2022","4.641","4.592","4.938","4.555","184.11K","1.05%"
"23-02-2022","4.593","4.466","4.685","4.437","136.53K","2.96%"
"22-02-2022","4.461","4.505","4.746","4.409","141.92K","-5.19%"
"21-02-2022","4.705","4.580","4.745","4.520","","2.75%"
"20-02-2022","4.579","4.529","4.598","4.527","","4.62%"
"18-02-2022","4.377","4.451","4.585","4.306","98.02K","-1.20%"
"17-02-2022","4.430","4.532","4.645","4.343","92.86K","-3.11%"
"16-02-2022","4.572","4.306","4.592","4.279","103.91K","7.80%"
"15-02-2022","4.241","4.147","4.336","4.125","83.26K","1.95%"
"14-02-2022","4.160","4.070","4.186","4.019","71.38K","5.72%"
"11-02-2022","3.935","3.923","4.045","3.872","101.61K","-0.20%"
"10-02-2022","3.943","4.000","4.033","3.867","76.76K","-0.93%"
"09-02-2022","3.980","4.178","4.229","3.955","78.05K","-5.64%"
"08-02-2022","4.218","4.238","4.343","4.157","76.34K","0.48%"
"07-02-2022","4.198","4.329","4.409","4.100","96.42K","-6.54%"
"04-02-2022","4.492","4.750","4.861","4.410","85.89K","-4.83%"
"03-02-2022","4.720","4.966","5.009","4.617","82.15K","-6.42%"
"02-02-2022","5.044","4.681","5.053","4.664","164.67K","10.30%"
"01-02-2022","4.573","4.696","4.736","4.474","66.06K","-2.18%"
"31-01-2022","4.675","4.637","4.803","4.533","81.26K","4.52%"
"28-01-2022","4.473","4.222","4.629","4.192","137.04K","4.44%"
"27-01-2022","4.283","4.000","4.420","3.990","193.25K","6.12%"
"26-01-2022","4.036","3.885","4.194","3.856","158.50K","3.65%"
"25-01-2022","3.894","3.811","3.919","3.761","91.17K","0.49%"
"24-01-2022","3.875","3.709","3.912","3.693","90.92K","2.46%"
"21-01-2022","3.782","3.680","3.829","3.669","75.32K","3.64%"
"20-01-2022","3.649","3.834","3.868","3.629","97.44K","-5.10%"
"19-01-2022","3.845","4.071","4.119","3.834","84.60K","-5.01%"
"18-01-2022","4.048","4.143","4.180","4.002","77.07K","-5.33%"
"17-01-2022","4.276","4.330","4.353","4.216","","-1.36%"
"16-01-2022","4.335","4.338","4.350","4.323","","6.22%"
"14-01-2022","4.081","4.010","4.097","3.933","67.72K","1.90%"
"13-01-2022","4.005","4.296","4.329","3.990","115.34K","-7.44%"
"12-01-2022","4.327","3.948","4.356","3.926","125.21K","9.05%"
"11-01-2022","3.968","3.868","3.980","3.787","76.68K","3.50%"
"10-01-2022","3.834","3.910","3.966","3.764","89.08K","2.90%"
"07-01-2022","3.726","3.716","3.803","3.664","66.76K","1.53%"
"06-01-2022","3.670","3.679","3.757","3.647","45.46K","-1.08%"
"05-01-2022","3.710","3.611","3.738","3.591","48.91K","3.57%"
"04-01-2022","3.582","3.674","3.777","3.573","56.26K","-2.61%"
"03-01-2022","3.678","3.554","3.709","3.500","52.87K","3.40%"